{
    "accuracy": 0.7528195488721805,
    "precision": 0.7579781324142226,
    "recall": 0.7528195488721805,
    "f1_score": 0.7409758649924179
}